Timestamp,RPM,Setpoint,Error,PWM
41,0,250,250,4080
43,0,250,250,4120
45,0,250,250,4160
47,0,250,250,4200
49,0,250,250,4240
51,0,250,250,4280
53,0,250,250,4320
55,0,250,250,4360
57,9,250,241,4244
59,9,256,247,4381
61,9,256,247,4421
63,9,256,247,4460
65,9,256,247,4499
67,41,256,215,4021
69,41,256,215,4055
71,41,256,215,4089
73,41,256,215,4124
75,41,256,215,4158
77,71,256,185,3712
79,71,262,191,3843
81,71,262,191,3874
83,71,262,191,3904
85,71,262,191,3935
87,81,262,181,3809
89,81,262,181,3838
91,81,262,181,3867
93,81,262,181,3896
95,81,262,181,3925
97,103,262,159,3592
99,103,268,165,3718
101,103,268,165,3744
103,103,268,165,3771
105,103,268,165,3797
107,120,268,148,3550
109,120,268,148,3574
111,120,268,148,3597
113,120,268,148,3621
115,120,268,148,3645
117,135,268,133,3424
119,135,274,139,3544
121,135,274,139,3566
123,135,274,139,3589
125,135,274,139,3611
127,159,274,115,3242
129,159,274,115,3260
131,159,274,115,3279
133,159,274,115,3297
135,159,274,115,3316
137,167,274,107,3207
139,167,280,113,3321
141,167,280,113,3340
143,167,280,113,3358
145,167,280,113,3376
147,170,280,110,3353
149,170,280,110,3370
151,170,280,110,3388
153,170,280,110,3406
155,170,280,110,3423
157,180,280,100,3272
159,180,286,106,3383
161,180,286,106,3400
163,180,286,106,3417
165,180,286,106,3434
167,193,286,93,3240
169,193,286,93,3255
171,193,286,93,3270
173,193,286,93,3285
175,193,286,93,3300
177,197,286,89,3246
179,197,292,95,3354
181,197,292,95,3369
183,197,292,95,3384
185,197,292,95,3399
187,199,292,93,3392
189,199,292,93,3407
191,199,292,93,3422
193,199,292,93,3437
195,199,292,93,3452
197,209,292,83,3303
199,209,298,89,3407
201,209,298,89,3421
203,209,298,89,3436
205,209,298,89,3450
207,222,298,76,3255
209,222,298,76,3267
211,222,298,76,3279
213,222,298,76,3292
215,222,298,76,3304
217,226,298,72,3248
219,226,303,77,3347
221,226,303,77,3359
223,226,303,77,3371
225,226,303,77,3384
227,227,303,76,3374
229,227,303,76,3386
231,227,303,76,3398
233,227,303,76,3410
235,227,303,76,3422
237,228,303,75,3427
239,228,308,80,3523
241,228,308,80,3536
243,228,308,80,3549
245,228,308,80,3562
247,238,308,70,3417
249,238,308,70,3428
251,238,308,70,3439
253,238,308,70,3451
255,238,308,70,3462
257,250,308,58,3266
259,250,313,63,3355
261,250,313,63,3365
263,250,313,63,3375
265,250,313,63,3386
267,245,313,68,3484
269,245,313,68,3495
271,245,313,68,3506
273,245,313,68,3517
275,245,313,68,3528
277,243,313,70,3567
279,243,318,75,3655
281,243,318,75,3667
283,243,318,75,3679
285,243,318,75,3691
287,262,318,56,3400
289,262,318,56,3409
291,262,318,56,3418
293,262,318,56,3427
295,262,318,56,3436
297,268,318,50,3347
299,268,322,54,3427
301,268,322,54,3435
303,268,322,54,3444
305,268,322,54,3453
307,270,322,52,3430
309,270,322,52,3438
311,270,322,52,3446
313,270,322,52,3455
315,270,322,52,3463
317,261,322,61,3617
319,261,326,65,3694
321,261,326,65,3704
323,261,326,65,3715
325,261,326,65,3725
327,258,326,68,3783
329,258,326,68,3794
331,258,326,68,3805
333,258,326,68,3816
335,258,326,68,3827
337,276,326,50,3542
339,276,330,54,3612
341,276,330,54,3621
343,276,330,54,3629
345,276,330,54,3638
347,282,330,48,3550
349,282,330,48,3558
351,282,330,48,3566
353,282,330,48,3573
355,282,330,48,3581
357,284,330,46,3557
359,284,334,50,3622
361,284,334,50,3630
363,284,334,50,3638
365,284,334,50,3646
367,295,334,39,3488
369,295,334,39,3494
371,295,334,39,3500
373,295,334,39,3507
375,295,334,39,3513
377,298,334,36,3465
379,298,337,39,3523
381,298,337,39,3529
383,298,337,39,3535
385,298,337,39,3542
387,299,337,38,3530
389,299,337,38,3536
391,299,337,38,3543
393,299,337,38,3549
395,299,337,38,3555
397,299,337,38,3555
399,299,340,41,3607
401,299,340,41,3614
403,299,340,41,3620
405,299,340,41,3627
407,299,340,41,3632
409,299,340,41,3638
411,299,340,41,3645
413,299,340,41,3651
415,299,340,41,3658
417,309,340,31,3508
419,309,342,33,3553
421,309,342,33,3558
423,309,342,33,3564
425,309,342,33,3569
427,312,342,30,3523
429,312,342,30,3528
431,312,342,30,3533
433,312,342,30,3538
435,312,342,30,3543
437,313,342,29,3531
439,313,345,32,3570
441,313,345,32,3575
443,313,345,32,3580
445,313,345,32,3585
447,314,345,31,3585
449,314,345,31,3590
451,314,345,31,3595
453,314,345,31,3600
455,314,345,31,3605
457,314,345,31,3608
459,314,346,32,3641
461,314,346,32,3647
463,314,346,32,3652
465,314,346,32,3657
467,314,346,32,3662
469,314,346,32,3667
471,314,346,32,3672
473,314,346,32,3677
475,314,346,32,3683
477,314,346,32,3688
479,314,348,34,3715
481,314,348,34,3721
483,314,348,34,3726
485,314,348,34,3731
487,323,348,25,3581
489,323,348,25,3585
491,323,348,25,3589
493,323,348,25,3593
495,323,348,25,3597
497,327,348,21,3550
499,327,349,22,3569
501,327,349,22,3573
503,327,349,22,3576
505,327,349,22,3580
507,328,349,21,3567
509,328,349,21,3570
511,328,349,21,3574
513,328,349,21,3577
515,328,349,21,3581
517,328,349,21,3579
519,328,349,21,3592
521,328,349,21,3595
523,328,349,21,3598
525,328,349,21,3602
527,328,349,21,3604
529,328,349,21,3607
531,328,349,21,3610
533,328,349,21,3614
535,328,349,21,3617
537,328,349,21,3620
539,328,349,21,3627
541,328,349,21,3630
543,328,349,21,3634
545,328,349,21,3637
547,328,349,21,3640
549,328,349,21,3644
551,328,349,21,3647
553,328,349,21,3651
555,328,349,21,3654
557,338,349,11,3502
559,338,349,11,3501
561,338,349,11,3502
563,338,349,11,3504
565,338,349,11,3506
567,341,349,8,3457
569,341,349,8,3459
571,341,349,8,3460
573,341,349,8,3461
575,341,349,8,3463
577,332,349,17,3604
579,332,349,17,3597
581,332,349,17,3600
583,332,349,17,3602
585,332,349,17,3605
587,329,349,20,3653
589,329,349,20,3656
591,329,349,20,3659
593,329,349,20,3662
595,329,349,20,3665
597,338,349,11,3527
599,338,348,10,3513
601,338,348,10,3515
603,338,348,10,3516
605,338,348,10,3518
607,341,348,7,3473
609,341,348,7,3475
611,341,348,7,3476
613,341,348,7,3477
615,341,348,7,3478
617,342,348,6,3464
619,342,346,4,3443
621,342,346,4,3444
623,342,346,4,3444
625,342,346,4,3445
627,342,346,4,3441
629,342,346,4,3442
631,342,346,4,3442
633,342,346,4,3443
635,342,346,4,3444
637,333,346,13,3599
639,333,345,12,3573
641,333,345,12,3575
643,333,345,12,3577
645,333,345,12,3578
647,330,345,15,3631
649,330,345,15,3633
651,330,345,15,3635
653,330,345,15,3638
655,330,345,15,3640
657,338,345,7,3503
659,338,343,5,3470
661,338,343,5,3471
663,338,343,5,3471
665,338,343,5,3472
667,341,343,2,3427
669,341,343,2,3428
671,341,343,2,3428
673,341,343,2,3428
675,341,343,2,3428
677,342,343,1,3414
679,342,340,-2,3374
681,342,340,-2,3374
683,342,340,-2,3373
685,342,340,-2,3373
687,342,340,-2,3368
689,342,340,-2,3368
691,342,340,-2,3367
693,342,340,-2,3367
695,342,340,-2,3367
697,342,340,-2,3365
699,342,337,-5,3318
701,342,337,-5,3317
703,342,337,-5,3317
705,342,337,-5,3316
707,342,337,-5,3315
709,342,337,-5,3314
711,342,337,-5,3313
713,342,337,-5,3312
715,342,337,-5,3311
717,342,337,-5,3310
719,342,334,-8,3258
721,342,334,-8,3257
723,342,334,-8,3255
725,342,334,-8,3254
727,333,334,1,3408
729,333,334,1,3409
731,333,334,1,3409
733,333,334,1,3409
735,333,334,1,3409
737,330,334,4,3460
739,330,330,0,3404
741,330,330,0,3404
743,330,330,0,3404
745,330,330,0,3404
747,338,330,-8,3265
749,338,330,-8,3264
751,338,330,-8,3263
753,338,330,-8,3261
755,338,330,-8,3260
757,341,330,-11,3214
759,341,327,-14,3150
761,341,327,-14,3148
763,341,327,-14,3145
765,341,327,-14,3143
767,342,327,-15,3126
769,342,327,-15,3124
771,342,327,-15,3121
773,342,327,-15,3119
775,342,327,-15,3116
777,333,327,-6,3265
779,333,323,-10,3197
781,333,323,-10,3195
783,333,323,-10,3194
785,333,323,-10,3192
787,329,323,-6,3240
789,329,323,-6,3239
791,329,323,-6,3237
793,329,323,-6,3236
795,329,323,-6,3235
797,338,323,-15,3094
799,338,318,-20,3020
801,338,318,-20,3017
803,338,318,-20,3014
805,338,318,-20,3010
807,331,318,-13,3118
809,331,318,-13,3115
811,331,318,-13,3113
813,331,318,-13,3111
815,331,318,-13,3109
817,329,318,-11,3143
819,329,313,-16,3065
821,329,313,-16,3062
823,329,313,-16,3060
825,329,313,-16,3057
827,328,313,-15,3067
829,328,313,-15,3064
831,328,313,-15,3062
833,328,313,-15,3059
835,328,313,-15,3057
837,328,313,-15,3058
839,328,308,-20,2976
841,328,308,-20,2973
843,328,308,-20,2970
845,328,308,-20,2966
847,328,308,-20,2964
849,328,308,-20,2961
851,328,308,-20,2958
853,328,308,-20,2955
855,328,308,-20,2952
857,318,308,-10,3105
859,318,303,-15,3020
861,318,303,-15,3017
863,318,303,-15,3015
865,318,303,-15,3012
867,315,303,-12,3061
869,315,303,-12,3059
871,315,303,-12,3057
873,315,303,-12,3055
875,315,303,-12,3053
877,324,303,-21,2912
879,324,298,-26,2821
881,324,298,-26,2817
883,324,298,-26,2813
885,324,298,-26,2808
887,327,298,-29,2759
889,327,298,-29,2754
891,327,298,-29,2750
893,327,298,-29,2745
895,327,298,-29,2741
897,318,298,-20,2877
899,318,292,-26,2783
901,318,292,-26,2779
903,318,292,-26,2775
905,318,292,-26,2771
907,315,292,-23,2813
909,315,292,-23,2809
911,315,292,-23,2806
913,315,292,-23,2802
915,315,292,-23,2798
917,314,292,-22,2809
919,314,286,-28,2713
921,314,286,-28,2708
923,314,286,-28,2704
925,314,286,-28,2699
927,304,286,-18,2856
929,304,286,-18,2853
931,304,286,-18,2850
933,304,286,-18,2847
935,304,286,-18,2844
937,301,286,-15,2894
939,301,281,-20,2796
941,301,281,-20,2793
943,301,281,-20,2789
945,301,281,-20,2786
947,310,281,-29,2644
949,310,281,-29,2639
951,310,281,-29,2635
953,310,281,-29,2630
955,310,281,-29,2625
957,303,281,-22,2731
959,303,275,-28,2630
961,303,275,-28,2626
963,303,275,-28,2621
965,303,275,-28,2617
967,301,275,-26,2648
969,301,275,-26,2644
971,301,275,-26,2640
973,301,275,-26,2636
975,301,275,-26,2632
977,300,275,-25,2639
979,300,268,-32,2536
981,300,268,-32,2531
983,300,268,-32,2526
985,300,268,-32,2521
987,300,268,-32,2520
989,300,268,-32,2515
991,300,268,-32,2510
993,300,268,-32,2505
995,300,268,-32,2500
997,299,268,-31,2496
999,299,262,-37,2391
1001,299,262,-37,2385
1003,299,262,-37,2379
1005,299,262,-37,2373
1007,290,262,-28,2523
1009,290,262,-28,2519
1011,290,262,-28,2514
1013,290,262,-28,2510
1015,290,262,-28,2506
1017,287,262,-25,2552
1019,287,256,-31,2447
1021,287,256,-31,2442
1023,287,256,-31,2437
1025,287,256,-31,2432
1027,286,256,-30,2444
1029,286,256,-30,2439
1031,286,256,-30,2434
1033,286,256,-30,2429
1035,286,256,-30,2425
1037,276,256,-20,2581
1039,276,250,-26,2476
1041,276,250,-26,2472
1043,276,250,-26,2468
1045,276,250,-26,2464
1047,272,250,-22,2512
1049,272,250,-22,2509
1051,272,250,-22,2505
1053,272,250,-22,2501
1055,272,250,-22,2498
1057,281,250,-31,2355
1059,281,243,-38,2249
1061,281,243,-38,2243
1063,281,243,-38,2237
1065,281,243,-38,2231
1067,274,243,-31,2335
1069,274,243,-31,2330
1071,274,243,-31,2325
1073,274,243,-31,2320
1075,274,243,-31,2316
1077,262,243,-19,2502
1079,262,237,-25,2398
1081,262,237,-25,2394
1083,262,237,-25,2390
1085,262,237,-25,2386
1087,268,237,-31,2289
1089,268,237,-31,2284
1091,268,237,-31,2279
1093,268,237,-31,2274
1095,268,237,-31,2269
1097,270,237,-33,2233
1099,270,231,-39,2128
1101,270,231,-39,2122
1103,270,231,-39,2115
1105,270,231,-39,2109
1107,261,231,-30,2249
1109,261,231,-30,2244
1111,261,231,-30,2239
1113,261,231,-30,2234
1115,261,231,-30,2230
1117,258,231,-27,2272
1119,258,225,-33,2169
1121,258,225,-33,2164
1123,258,225,-33,2158
1125,258,225,-33,2153
1127,247,225,-22,2319
1129,247,225,-22,2315
1131,247,225,-22,2312
1133,247,225,-22,2308
1135,247,225,-22,2304
1137,244,225,-19,2356
1139,244,219,-25,2256
1141,244,219,-25,2252
1143,244,219,-25,2248
1145,244,219,-25,2244
1147,253,219,-34,2102
1149,253,219,-34,2096
1151,253,219,-34,2091
1153,253,219,-34,2086
1155,253,219,-34,2080
1157,246,219,-27,2186
1159,246,213,-33,2086
1161,246,213,-33,2081
1163,246,213,-33,2076
1165,246,213,-33,2070
1167,234,213,-21,2257
1169,234,213,-21,2254
1171,234,213,-21,2250
1173,234,213,-21,2247
1175,234,213,-21,2244
1177,240,213,-27,2147
1179,240,207,-33,2049
1181,240,207,-33,2044
1183,240,207,-33,2039
1185,240,207,-33,2034
1187,241,207,-34,1998
1189,241,207,-34,1993
1191,241,207,-34,1987
1193,241,207,-34,1982
1195,241,207,-34,1976
1197,232,207,-25,2117
1199,232,201,-31,2022
1201,232,201,-31,2017
1203,232,201,-31,2012
1205,232,201,-31,2007
1207,229,201,-28,2050
1209,229,201,-28,2045
1211,229,201,-28,2041
1213,229,201,-28,2036
1215,229,201,-28,2032
1217,219,201,-18,2198
1219,219,196,-23,2108
1221,219,196,-23,2105
1223,219,196,-23,2101
1225,219,196,-23,2097
1227,215,196,-19,2149
1229,215,196,-19,2146
1231,215,196,-19,2143
1233,215,196,-19,2140
1235,215,196,-19,2137
1237,224,196,-28,1996
1239,224,191,-33,1907
1241,224,191,-33,1902
1243,224,191,-33,1897
1245,224,191,-33,1892
1247,217,191,-26,1997
1249,217,191,-26,1993
1251,217,191,-26,1989
1253,217,191,-26,1985
1255,217,191,-26,1981
1257,205,191,-14,2168
1259,205,186,-19,2086
1261,205,186,-19,2083
1263,205,186,-19,2080
1265,205,186,-19,2076
1267,211,186,-25,1980
1269,211,186,-25,1976
1271,211,186,-25,1972
1273,211,186,-25,1968
1275,211,186,-25,1964
1277,213,186,-27,1929
1279,213,181,-32,1849
1281,213,181,-32,1844
1283,213,181,-32,1839
1285,213,181,-32,1834
1287,204,181,-23,1975
1289,204,181,-23,1971
1291,204,181,-23,1967
1293,204,181,-23,1964
1295,204,181,-23,1960
1297,201,181,-20,2004
1299,201,177,-24,1929
1301,201,177,-24,1925
1303,201,177,-24,1921
1305,201,177,-24,1917
1307,200,177,-23,1929
1309,200,177,-23,1925
1311,200,177,-23,1921
1313,200,177,-23,1918
1315,200,177,-23,1914
1317,200,177,-23,1915
1319,200,173,-27,1844
1321,200,173,-27,1840
1323,200,173,-27,1836
1325,200,173,-27,1831
1327,190,173,-17,1984
1329,190,173,-17,1982
1331,190,173,-17,1979
1333,190,173,-17,1976
1335,190,173,-17,1973
1337,187,173,-14,2022
1339,187,169,-18,1957
1341,187,169,-18,1954
1343,187,169,-18,1951
1345,187,169,-18,1948
1347,186,169,-17,1962
1349,186,169,-17,1959
1351,186,169,-17,1957
1353,186,169,-17,1954
1355,186,169,-17,1951
1357,176,169,-7,2110
1359,176,165,-11,2051
1361,176,165,-11,2050
1363,176,165,-11,2048
1365,176,165,-11,2046
1367,182,165,-17,1941
1369,182,165,-17,1939
1371,182,165,-17,1936
1373,182,165,-17,1933
1375,182,165,-17,1930
1377,184,165,-19,1894
1379,184,162,-22,1839
1381,184,162,-22,1836
1383,184,162,-22,1832
1385,184,162,-22,1829
1387,175,162,-13,1970
1389,175,162,-13,1968
1391,175,162,-13,1966
1393,175,162,-13,1964
1395,175,162,-13,1961
1397,172,162,-10,2006
1399,172,159,-13,1958
1401,172,159,-13,1956
1403,172,159,-13,1954
1405,172,159,-13,1952
1407,171,159,-12,1965
1409,171,159,-12,1963
1411,171,159,-12,1961
1413,171,159,-12,1959
1415,171,159,-12,1957
1417,171,159,-12,1960
1419,171,157,-14,1918
1421,171,157,-14,1916
1423,171,157,-14,1913
1425,171,157,-14,1911
1427,171,157,-14,1910
1429,171,157,-14,1908
1431,171,157,-14,1906
1433,171,157,-14,1904
1435,171,157,-14,1901
1437,171,157,-14,1899
1439,171,154,-17,1863
1441,171,154,-17,1860
1443,171,154,-17,1857
1445,171,154,-17,1855
1447,161,154,-7,2008
1449,161,154,-7,2007
1451,161,154,-7,2006
1453,161,154,-7,2005
1455,161,154,-7,2004
1457,158,154,-4,2053
1459,158,153,-5,2024
1461,158,153,-5,2023
1463,158,153,-5,2022
1465,158,153,-5,2022
1467,167,153,-14,1881
1469,167,153,-14,1879
1471,167,153,-14,1877
1473,167,153,-14,1875
1475,167,153,-14,1872
1477,160,153,-7,1981
1479,160,151,-9,1957
1481,160,151,-9,1956
1483,160,151,-9,1954
1485,160,151,-9,1953
1487,158,151,-7,1988
1489,158,151,-7,1987
1491,158,151,-7,1986
1493,158,151,-7,1985
1495,158,151,-7,1984
1497,157,151,-6,1994
1499,157,150,-7,1977
1501,157,150,-7,1976
1503,157,150,-7,1975
1505,157,150,-7,1974
1507,147,150,3,2133
1509,147,150,3,2133
1511,147,150,3,2134
1513,147,150,3,2134
1515,147,150,3,2135
1517,154,150,-4,2031
1519,154,150,-4,2021
1521,154,150,-4,2020
1523,154,150,-4,2020
1525,154,150,-4,2019
1527,156,150,-6,1985
1529,156,150,-6,1984
1531,156,150,-6,1983
1533,156,150,-6,1982
1535,156,150,-6,1981
1537,147,150,3,2125
1539,147,150,3,2122
1541,147,150,3,2122
1543,147,150,3,2123
1545,147,150,3,2123
1547,144,150,6,2171
1549,144,150,6,2172
1551,144,150,6,2173
1553,144,150,6,2174
1555,144,150,6,2175
1557,152,150,-2,2035
1559,152,150,-2,2038
1561,152,150,-2,2037
1563,152,150,-2,2037
1565,152,150,-2,2036
1567,155,150,-5,1990
1569,155,150,-5,1989
1571,155,150,-5,1988
1573,155,150,-5,1987
1575,155,150,-5,1987
1577,147,150,3,2127
1579,147,150,3,2137
1581,147,150,3,2137
1583,147,150,3,2138
1585,147,150,3,2138
1587,144,150,6,2185
1589,144,150,6,2186
1591,144,150,6,2187
1593,144,150,6,2188
1595,144,150,6,2189
1597,152,150,-2,2049
1599,152,151,-1,2064
1601,152,151,-1,2064
1603,152,151,-1,2064
1605,152,151,-1,2064
1607,155,151,-4,2018
1609,155,151,-4,2017
1611,155,151,-4,2017
1613,155,151,-4,2016
1615,155,151,-4,2015
1617,147,151,4,2156
1619,147,153,6,2178
1621,147,153,6,2179
1623,147,153,6,2180
1625,147,153,6,2181
1627,144,153,9,2228
1629,144,153,9,2230
1631,144,153,9,2231
1633,144,153,9,2232
1635,144,153,9,2234
1637,143,153,10,2250
1639,143,154,11,2280
1641,143,154,11,2282
1643,143,154,11,2284
1645,143,154,11,2285
1647,152,154,2,2136
1649,152,154,2,2137
1651,152,154,2,2137
1653,152,154,2,2137
1655,152,154,2,2138
1657,155,154,-1,2089
1659,155,156,1,2123
1661,155,156,1,2123
1663,155,156,1,2123
1665,155,156,1,2124
1667,147,156,9,2264
1669,147,156,9,2265
1671,147,156,9,2267
1673,147,156,9,2269
1675,147,156,9,2270
1677,144,156,12,2317
1679,144,159,15,2359
1681,144,159,15,2362
1683,144,159,15,2364
1685,144,159,15,2367
1687,152,159,7,2228
1689,152,159,7,2229
1691,152,159,7,2230
1693,152,159,7,2231
1695,152,159,7,2232
1697,155,159,4,2188
1699,155,162,7,2234
1701,155,162,7,2235
1703,155,162,7,2236
1705,155,162,7,2237
1707,147,162,15,2379
1709,147,162,15,2382
1711,147,162,15,2384
1713,147,162,15,2387
1715,147,162,15,2389
1717,153,162,9,2281
1719,153,165,12,2334
1721,153,165,12,2336
1723,153,165,12,2338
1725,153,165,12,2340
1727,156,165,9,2306
1729,156,165,9,2307
1731,156,165,9,2309
1733,156,165,9,2311
1735,156,165,9,2312
1737,147,165,18,2458
1739,147,169,22,2518
1741,147,169,22,2521
1743,147,169,22,2525
1745,147,169,22,2528
1747,153,169,16,2423
1749,153,169,16,2425
1751,153,169,16,2427
1753,153,169,16,2430
1755,153,169,16,2432
1757,165,169,4,2244
1759,165,172,7,2306
1761,165,172,7,2307
1763,165,172,7,2308
1765,165,172,7,2310
1767,159,172,13,2404
1769,159,172,13,2406
1771,159,172,13,2409
1773,159,172,13,2411
1775,159,172,13,2413
1777,158,172,14,2445
1779,158,176,18,2515
1781,158,176,18,2518
1783,158,176,18,2521
1785,158,176,18,2524
1787,167,176,9,2381
1789,167,176,9,2382
1791,167,176,9,2384
1793,167,176,9,2386
1795,167,176,9,2387
1797,160,176,16,2497
1799,160,181,21,2571
1801,160,181,21,2575
1803,160,181,21,2578
1805,160,181,21,2582
1807,158,181,23,2620
1809,158,181,23,2624
1811,158,181,23,2628
1813,158,181,23,2631
1815,158,181,23,2635
1817,167,181,14,2494
1819,167,186,19,2573
1821,167,186,19,2576
1823,167,186,19,2579
1825,167,186,19,2582
1827,170,186,16,2538
1829,170,186,16,2541
1831,170,186,16,2543
1833,170,186,16,2546
1835,170,186,16,2548
1837,170,186,16,2536
1839,170,191,21,2618
1841,170,191,21,2621
1843,170,191,21,2625
1845,170,191,21,2628
1847,171,191,20,2626
1849,171,191,20,2629
1851,171,191,20,2633
1853,171,191,20,2636
1855,171,191,20,2639
1857,171,191,20,2640
1859,171,196,25,2728
1861,171,196,25,2732
1863,171,196,25,2735
1865,171,196,25,2739
1867,181,196,15,2587
1869,181,196,15,2590
1871,181,196,15,2592
1873,181,196,15,2594
1875,181,196,15,2597
1877,184,196,12,2549
1879,184,201,17,2638
1881,184,201,17,2641
1883,184,201,17,2643
1885,184,201,17,2646
1887,185,201,16,2632
1889,185,201,16,2635
1891,185,201,16,2638
1893,185,201,16,2640
1895,185,201,16,2643
1897,185,201,16,2640
1899,185,207,22,2733
1901,185,207,22,2737
1903,185,207,22,2740
1905,185,207,22,2744
1907,185,207,22,2745
1909,185,207,22,2749
1911,185,207,22,2752
1913,185,207,22,2756
1915,185,207,22,2759
1917,185,207,22,2762
1919,185,213,28,2859
1921,185,213,28,2863
1923,185,213,28,2868
1925,185,213,28,2872
1927,185,213,28,2876
1929,185,213,28,2880
1931,185,213,28,2885
1933,185,213,28,2889
1935,185,213,28,2894
1937,195,213,18,2742
1939,195,218,23,2840
1941,195,218,23,2844
1943,195,218,23,2848
1945,195,218,23,2852
1947,198,218,20,2805
1949,198,218,20,2808
1951,198,218,20,2811
1953,198,218,20,2815
1955,198,218,20,2818
1957,199,218,19,2805
1959,199,224,25,2905
1961,199,224,25,2909
1963,199,224,25,2914
1965,199,224,25,2918
1967,199,224,25,2916
1969,199,224,25,2920
1971,199,224,25,2924
1973,199,224,25,2928
1975,199,224,25,2932
1977,209,224,15,2779
1979,209,231,22,2880
1981,209,231,22,2884
1983,209,231,22,2887
1985,209,231,22,2891
1987,212,231,19,2843
1989,212,231,19,2846
1991,212,231,19,2849
1993,212,231,19,2852
1995,212,231,19,2855
1997,213,231,18,2841
1999,213,237,24,2944
2001,213,237,24,2948
2003,213,237,24,2952
2005,213,237,24,2955
2007,214,237,23,2954
2009,214,237,23,2958
2011,214,237,23,2961
2013,214,237,23,2965
2015,214,237,23,2969
2017,214,237,23,2971
2019,214,243,29,3075
2021,214,243,29,3080
2023,214,243,29,3085
2025,214,243,29,3089
2027,223,243,20,2938
2029,223,243,20,2941
2031,223,243,20,2944
2033,223,243,20,2947
2035,223,243,20,2950
2037,217,243,26,3059
2039,217,249,32,3164
2041,217,249,32,3169
2043,217,249,32,3175
2045,217,249,32,3180
2047,215,249,34,3219
2049,215,249,34,3225
2051,215,249,34,3230
2053,215,249,34,3236
2055,215,249,34,3241
2057,224,249,25,3102
2059,224,256,32,3208
2061,224,256,32,3213
2063,224,256,32,3218
2065,224,256,32,3223
2067,236,256,20,3025
2069,236,256,20,3028
2071,236,256,20,3031
2073,236,256,20,3034
2075,236,256,20,3038
2077,240,256,16,2975
2079,240,262,22,3078
2081,240,262,22,3082
2083,240,262,22,3085
2085,240,262,22,3089
2087,232,262,30,3226
2089,232,262,30,3231
2091,232,262,30,3236
2093,232,262,30,3241
2095,232,262,30,3246
2097,239,262,23,3138
2099,239,268,29,3242
2101,239,268,29,3247
2103,239,268,29,3251
2105,239,268,29,3256
2107,251,268,17,3068
2109,251,268,17,3071
2111,251,268,17,3074
2113,251,268,17,3077
2115,251,268,17,3079
2117,245,268,23,3176
2119,245,274,29,3278
2121,245,274,29,3283
2123,245,274,29,3288
2125,245,274,29,3292
2127,243,274,31,3327
2129,243,274,31,3332
2131,243,274,31,3337
2133,243,274,31,3342
2135,243,274,31,3347
2137,252,274,22,3206
2139,252,280,28,3307
2141,252,280,28,3312
2143,252,280,28,3316
2145,252,280,28,3321
2147,255,280,25,3278
2149,255,280,25,3282
2151,255,280,25,3286
2153,255,280,25,3290
2155,255,280,25,3294
2157,256,280,24,3282
2159,256,286,30,3382
2161,256,286,30,3387
2163,256,286,30,3391
2165,256,286,30,3396
2167,266,286,20,3240
2169,266,286,20,3243
2171,266,286,20,3247
2173,266,286,20,3250
2175,266,286,20,3253
2177,269,286,17,3204
2179,269,292,23,3300
2181,269,292,23,3303
2183,269,292,23,3307
2185,269,292,23,3311
2187,261,292,31,3453
2189,261,292,31,3458
2191,261,292,31,3463
2193,261,292,31,3468
2195,261,292,31,3473
2197,268,292,24,3367
2199,268,298,30,3462
2201,268,298,30,3467
2203,268,298,30,3471
2205,268,298,30,3476
2207,279,298,19,3289
2209,279,298,19,3292
2211,279,298,19,3295
2213,279,298,19,3298
2215,279,298,19,3301
2217,274,298,24,3397
2219,274,303,29,3488
2221,274,303,29,3493
2223,274,303,29,3498
2225,274,303,29,3503
2227,272,303,31,3538
2229,272,303,31,3543
2231,272,303,31,3548
2233,272,303,31,3553
2235,272,303,31,3558
2237,281,303,22,3417
2239,281,308,27,3504
2241,281,308,27,3509
2243,281,308,27,3513
2245,281,308,27,3517
2247,284,308,24,3474
2249,284,308,24,3478
2251,284,308,24,3482
2253,284,308,24,3486
2255,284,308,24,3490
2257,285,308,23,3478
2259,285,313,28,3562
2261,285,313,28,3567
2263,285,313,28,3572
2265,285,313,28,3576
2267,295,313,18,3420
2269,295,313,18,3423
2271,295,313,18,3426
2273,295,313,18,3429
2275,295,313,18,3432
2277,298,313,15,3382
2279,298,318,20,3461
2281,298,318,20,3464
2283,298,318,20,3467
2285,298,318,20,3471
2287,299,318,19,3457
2289,299,318,19,3460
2291,299,318,19,3463
2293,299,318,19,3466
2295,299,318,19,3469
2297,299,318,19,3466
2299,299,322,23,3541
2301,299,322,23,3545
2303,299,322,23,3549
2305,299,322,23,3552
2307,299,322,23,3554
2309,299,322,23,3558
2311,299,322,23,3561
2313,299,322,23,3565
2315,299,322,23,3569
2317,299,322,23,3572
2319,299,326,27,3643
2321,299,326,27,3647
2323,299,326,27,3651
2325,299,326,27,3656
2327,299,326,27,3660
2329,299,326,27,3664
2331,299,326,27,3669
2333,299,326,27,3673
2335,299,326,27,3677
2337,309,326,17,3526
2339,309,330,21,3591
2341,309,330,21,3594
2343,309,330,21,3598
2345,309,330,21,3601
2347,312,330,18,3554
2349,312,330,18,3557
2351,312,330,18,3559
2353,312,330,18,3562
2355,312,330,18,3565
2357,313,330,17,3552
2359,313,334,21,3612
2361,313,334,21,3615
2363,313,334,21,3618
2365,313,334,21,3621
2367,314,334,20,3619
2369,314,334,20,3623
2371,314,334,20,3626
2373,314,334,20,3629
2375,314,334,20,3632
2377,314,334,20,3634
2379,314,337,23,3689
2381,314,337,23,3693
2383,314,337,23,3696
2385,314,337,23,3700
2387,314,337,23,3703
2389,314,337,23,3707
2391,314,337,23,3711
2393,314,337,23,3715
2395,314,337,23,3718
2397,323,337,14,3566
2399,323,340,17,3614
2401,323,340,17,3617
2403,323,340,17,3620
2405,323,340,17,3622
2407,327,340,13,3574
2409,327,340,13,3576
2411,327,340,13,3579
2413,327,340,13,3581
2415,327,340,13,3583
2417,318,340,22,3724
2419,318,342,24,3768
2421,318,342,24,3772
2423,318,342,24,3776
2425,318,342,24,3780
2427,325,342,17,3674
2429,325,342,17,3676
2431,325,342,17,3679
2433,325,342,17,3682
2435,325,342,17,3685
2437,337,342,5,3496
2439,337,345,8,3531
2441,337,345,8,3533
2443,337,345,8,3534
2445,337,345,8,3535
2447,331,345,14,3630
2449,331,345,14,3632
2451,331,345,14,3634
2453,331,345,14,3637
2455,331,345,14,3639
2457,329,345,16,3671
2459,329,346,17,3702
2461,329,346,17,3705
2463,329,346,17,3708
2465,329,346,17,3711
2467,338,346,8,3568
2469,338,346,8,3569
2471,338,346,8,3570
2473,338,346,8,3572
2475,338,346,8,3573
2477,331,346,15,3683
2479,331,348,17,3707
2481,331,348,17,3710
2483,331,348,17,3713
2485,331,348,17,3715
2487,329,348,19,3753
2489,329,348,19,3756
2491,329,348,19,3759
2493,329,348,19,3762
2495,329,348,19,3765
2497,338,348,10,3624
2499,338,349,11,3641
2501,338,349,11,3643
2503,338,349,11,3645
2505,338,349,11,3646
2507,341,349,8,3601
2509,341,349,8,3602
2511,341,349,8,3604
2513,341,349,8,3605
2515,341,349,8,3606
2517,342,349,7,3592
2519,342,349,7,3603
2521,342,349,7,3604
2523,342,349,7,3605
2525,342,349,7,3606
2527,342,349,7,3603
2529,342,349,7,3604
2531,342,349,7,3605
2533,342,349,7,3606
2535,342,349,7,3607
2537,342,349,7,3607
2539,342,349,7,3611
2541,342,349,7,3612
2543,342,349,7,3614
2545,342,349,7,3615
2547,342,349,7,3615
2549,342,349,7,3617
2551,342,349,7,3618
2553,342,349,7,3619
2555,342,349,7,3620
2557,342,349,7,3621
2559,342,349,7,3619
2561,342,349,7,3620
2563,342,349,7,3621
2565,342,349,7,3622
2567,342,349,7,3624
2569,342,349,7,3625
2571,342,349,7,3626
2573,342,349,7,3627
2575,342,349,7,3628
2577,342,349,7,3629
2579,342,349,7,3621
2581,342,349,7,3622
2583,342,349,7,3623
2585,342,349,7,3624
2587,342,349,7,3625
2589,342,349,7,3626
2591,342,349,7,3627
2593,342,349,7,3628
2595,342,349,7,3629
2597,342,349,7,3630
2599,342,348,6,3615
2601,342,348,6,3616
2603,342,348,6,3617
2605,342,348,6,3618
2607,342,348,6,3619
2609,342,348,6,3620
2611,342,348,6,3621
2613,342,348,6,3622
2615,342,348,6,3622
2617,352,348,-4,3467
2619,352,346,-6,3445
2621,352,346,-6,3444
2623,352,346,-6,3443
2625,352,346,-6,3442
2627,355,346,-9,3391
2629,355,346,-9,3389
2631,355,346,-9,3388
2633,355,346,-9,3386
2635,355,346,-9,3385
2637,346,346,0,3523
2639,346,345,-1,3495
2641,346,345,-1,3495
2643,346,345,-1,3494
2645,346,345,-1,3494
2647,344,345,1,3539
2649,344,345,1,3539
2651,344,345,1,3539
2653,344,345,1,3539
2655,344,345,1,3540
2657,343,345,2,3554
2659,343,343,0,3521
2661,343,343,0,3521
2663,343,343,0,3520
2665,343,343,0,3520
2667,342,343,1,3525
2669,342,343,1,3525
2671,342,343,1,3525
2673,342,343,1,3525
2675,342,343,1,3525
2677,352,343,-9,3371
2679,352,340,-12,3329
2681,352,340,-12,3327
2683,352,340,-12,3325
2685,352,340,-12,3324
2687,355,340,-15,3272
2689,355,340,-15,3269
2691,355,340,-15,3267
2693,355,340,-15,3264
2695,355,340,-15,3262
2697,346,340,-6,3399
2699,346,337,-9,3352
2701,346,337,-9,3351
2703,346,337,-9,3349
2705,346,337,-9,3348
2707,344,337,-7,3391
2709,344,337,-7,3390
2711,344,337,-7,3389
2713,344,337,-7,3388
2715,344,337,-7,3387
2717,343,337,-6,3401
2719,343,334,-9,3349
2721,343,334,-9,3347
2723,343,334,-9,3346
2725,343,334,-9,3344
2727,342,334,-8,3348
2729,342,334,-8,3346
2731,342,334,-8,3345
2733,342,334,-8,3344
2735,342,334,-8,3342
2737,342,334,-8,3343
2739,342,330,-12,3284
2741,342,330,-12,3282
2743,342,330,-12,3281
2745,342,330,-12,3279
2747,342,330,-12,3277
2749,342,330,-12,3275
2751,342,330,-12,3273
2753,342,330,-12,3272
2755,342,330,-12,3270
2757,333,330,-3,3424
2759,333,327,-6,3361
2761,333,327,-6,3360
2763,333,327,-6,3359
2765,333,327,-6,3358
2767,330,327,-3,3408
2769,330,327,-3,3408
2771,330,327,-3,3407
2773,330,327,-3,3407
2775,330,327,-3,3406
2777,338,327,-11,3266
2779,338,323,-15,3198
2781,338,323,-15,3195
2783,338,323,-15,3193
2785,338,323,-15,3190
2787,341,323,-18,3142
2789,341,323,-18,3139
2791,341,323,-18,3136
2793,341,323,-18,3133
2795,341,323,-18,3131
2797,342,323,-19,3113
2799,342,318,-24,3038
2801,342,318,-24,3034
2803,342,318,-24,3030
2805,342,318,-24,3027
2807,333,318,-15,3174
2809,333,318,-15,3172
2811,333,318,-15,3169
2813,333,318,-15,3167
2815,333,318,-15,3165
2817,329,318,-11,3211
2819,329,313,-16,3134
2821,329,313,-16,3131
2823,329,313,-16,3128
2825,329,313,-16,3126
2827,338,313,-25,2983
2829,338,313,-25,2979
2831,338,313,-25,2975
2833,338,313,-25,2971
2835,338,313,-25,2967
2837,331,313,-18,3074
2839,331,308,-23,2991
2841,331,308,-23,2987
2843,331,308,-23,2984
2845,331,308,-23,2980
2847,329,308,-21,3012
2849,329,308,-21,3009
2851,329,308,-21,3005
2853,329,308,-21,3002
2855,329,308,-21,2999
2857,328,308,-20,3007
2859,328,303,-25,2920
2861,328,303,-25,2916
2863,328,303,-25,2912
2865,328,303,-25,2908
2867,328,303,-25,2908
2869,328,303,-25,2904
2871,328,303,-25,2900
2873,328,303,-25,2896
2875,328,303,-25,2892
2877,328,303,-25,2889
2879,328,298,-30,2798
2881,328,298,-30,2793
2883,328,298,-30,2788
2885,328,298,-30,2783
2887,318,298,-20,2935
2889,318,298,-20,2931
2891,318,298,-20,2928
2893,318,298,-20,2925
2895,318,298,-20,2922
2897,315,298,-17,2969
2899,315,292,-23,2876
2901,315,292,-23,2872
2903,315,292,-23,2868
2905,315,292,-23,2865
2907,314,292,-22,2878
2909,314,292,-22,2874
2911,314,292,-22,2871
2913,314,292,-22,2867
2915,314,292,-22,2863
2917,314,292,-22,2865
2919,314,286,-28,2769
2921,314,286,-28,2764
2923,314,286,-28,2760
2925,314,286,-28,2756
2927,314,286,-28,2753
2929,314,286,-28,2749
2931,314,286,-28,2744
2933,314,286,-28,2740
2935,314,286,-28,2735
2937,314,286,-28,2732
2939,314,281,-33,2632
2941,314,281,-33,2626
2943,314,281,-33,2621
2945,314,281,-33,2616
2947,304,281,-23,2767
2949,304,281,-23,2763
2951,304,281,-23,2759
2953,304,281,-23,2755
2955,304,281,-23,2751
2957,301,281,-20,2798
2959,301,275,-26,2698
2961,301,275,-26,2693
2963,301,275,-26,2689
2965,301,275,-26,2685
2967,300,275,-25,2697
2969,300,275,-25,2693
2971,300,275,-25,2689
2973,300,275,-25,2685
2975,300,275,-25,2681
2977,300,275,-25,2682
2979,300,268,-32,2579
2981,300,268,-32,2574
2983,300,268,-32,2569
2985,300,268,-32,2564
2987,300,268,-32,2561
2989,300,268,-32,2556
2991,300,268,-32,2551
2993,300,268,-32,2546
2995,300,268,-32,2541
2997,290,268,-22,2692
2999,290,262,-28,2589
3001,290,262,-28,2584
3003,290,262,-28,2580
3005,290,262,-28,2575
3007,296,262,-34,2466
3009,296,262,-34,2461
3011,296,262,-34,2455
3013,296,262,-34,2450
3015,296,262,-34,2444
3017,298,262,-36,2405
3019,298,256,-42,2298
3021,298,256,-42,2291
3023,298,256,-42,2284
3025,298,256,-42,2277
3027,289,256,-33,2415
3029,289,256,-33,2410
3031,289,256,-33,2405
3033,289,256,-33,2399
3035,289,256,-33,2394
3037,277,256,-21,2591
3039,277,250,-27,2486
3041,277,250,-27,2482
3043,277,250,-27,2478
3045,277,250,-27,2473
3047,273,250,-23,2535
3049,273,250,-23,2531
3051,273,250,-23,2527
3053,273,250,-23,2524
3055,273,250,-23,2520
3057,281,250,-31,2382
3059,281,243,-38,2275
3061,281,243,-38,2269
3063,281,243,-38,2263
3065,281,243,-38,2257
3067,274,243,-31,2363
3069,274,243,-31,2358
3071,274,243,-31,2354
3073,274,243,-31,2349
3075,274,243,-31,2344
3077,272,243,-29,2375
3079,272,237,-35,2269
3081,272,237,-35,2264
3083,272,237,-35,2258
3085,272,237,-35,2253
3087,271,237,-34,2259
3089,271,237,-34,2254
3091,271,237,-34,2248
3093,271,237,-34,2243
3095,271,237,-34,2237
3097,261,237,-24,2391
3099,261,231,-30,2287
3101,261,231,-30,2282
3103,261,231,-30,2277
3105,261,231,-30,2273
3107,258,231,-27,2320
3109,258,231,-27,2315
3111,258,231,-27,2311
3113,258,231,-27,2307
3115,258,231,-27,2302
3117,257,231,-26,2315
3119,257,225,-32,2211
3121,257,225,-32,2206
3123,257,225,-32,2201
3125,257,225,-32,2196
3127,257,225,-32,2196
3129,257,225,-32,2191
3131,257,225,-32,2186
3133,257,225,-32,2181
3135,257,225,-32,2176
3137,257,225,-32,2172
3139,257,219,-38,2070
3141,257,219,-38,2064
3143,257,219,-38,2058
3145,257,219,-38,2052
3147,247,219,-28,2202
3149,247,219,-28,2197
3151,247,219,-28,2193
3153,247,219,-28,2188
3155,247,219,-28,2184
3157,244,219,-25,2230
3159,244,213,-31,2131
3161,244,213,-31,2126
3163,244,213,-31,2121
3165,244,213,-31,2116
3167,243,213,-30,2127
3169,243,213,-30,2122
3171,243,213,-30,2118
3173,243,213,-30,2113
3175,243,213,-30,2108
3177,233,213,-20,2264
3179,233,207,-26,2168
3181,233,207,-26,2164
3183,233,207,-26,2160
3185,233,207,-26,2156
3187,230,207,-23,2204
3189,230,207,-23,2200
3191,230,207,-23,2197
3193,230,207,-23,2193
3195,230,207,-23,2189
3197,238,207,-31,2047
3199,238,201,-37,1951
3201,238,201,-37,1946
3203,238,201,-37,1940
3205,238,201,-37,1934
3207,231,201,-30,2039
3209,231,201,-30,2034
3211,231,201,-30,2029
3213,231,201,-30,2024
3215,231,201,-30,2020
3217,219,201,-18,2207
3219,219,196,-23,2116
3221,219,196,-23,2113
3223,219,196,-23,2109
3225,219,196,-23,2105
3227,225,196,-29,2008
3229,225,196,-29,2003
3231,225,196,-29,1998
3233,225,196,-29,1994
3235,225,196,-29,1989
3237,227,196,-31,1954
3239,227,191,-36,1865
3241,227,191,-36,1859
3243,227,191,-36,1853
3245,227,191,-36,1848
3247,218,191,-27,1988
3249,218,191,-27,1983
3251,218,191,-27,1979
3253,218,191,-27,1975
3255,218,191,-27,1970
3257,206,191,-15,2169
3259,206,186,-20,2087
3261,206,186,-20,2083
3263,206,186,-20,2080
3265,206,186,-20,2077
3267,211,186,-25,1984
3269,211,186,-25,1980
3271,211,186,-25,1976
3273,211,186,-25,1972
3275,211,186,-25,1968
3277,213,186,-27,1935
3279,213,181,-32,1854
3281,213,181,-32,1849
3283,213,181,-32,1844
3285,213,181,-32,1839
3287,204,181,-23,1980
3289,204,181,-23,1977
3291,204,181,-23,1973
3293,204,181,-23,1969
3295,204,181,-23,1966
3297,201,181,-20,2010
3299,201,177,-24,1935
3301,201,177,-24,1931
3303,201,177,-24,1927
3305,201,177,-24,1923
3307,200,177,-23,1935
3309,200,177,-23,1931
3311,200,177,-23,1927
3313,200,177,-23,1923
3315,200,177,-23,1920
3317,190,177,-13,2077
3319,190,173,-17,2008
3321,190,173,-17,2005
3323,190,173,-17,2002
3325,190,173,-17,1999
3327,187,173,-14,2049
3329,187,173,-14,2046
3331,187,173,-14,2044
3333,187,173,-14,2042
3335,187,173,-14,2040
3337,195,173,-22,1898
3339,195,169,-26,1832
3341,195,169,-26,1828
3343,195,169,-26,1824
3345,195,169,-26,1820
3347,188,169,-19,1926
3349,188,169,-19,1923
3351,188,169,-19,1920
3353,188,169,-19,1917
3355,188,169,-19,1913
3357,186,169,-17,1946
3359,186,165,-21,1886
3361,186,165,-21,1883
3363,186,165,-21,1879
3365,186,165,-21,1876
3367,186,165,-21,1884
3369,186,165,-21,1881
3371,186,165,-21,1878
3373,186,165,-21,1875
3375,186,165,-21,1871
3377,176,165,-11,2028
3379,176,162,-14,1974
3381,176,162,-14,1972
3383,176,162,-14,1970
3385,176,162,-14,1968
3387,172,162,-10,2017
3389,172,162,-10,2016
3391,172,162,-10,2014
3393,172,162,-10,2012
3395,172,162,-10,2011
3397,171,162,-9,2026
3399,171,159,-12,1978
3401,171,159,-12,1976
3403,171,159,-12,1974
3405,171,159,-12,1972
3407,171,159,-12,1976
3409,171,159,-12,1974
3411,171,159,-12,1972
3413,171,159,-12,1970
3415,171,159,-12,1968
3417,171,159,-12,1968
3419,171,157,-14,1925
3421,171,157,-14,1923
3423,171,157,-14,1921
3425,171,157,-14,1919
3427,171,157,-14,1917
3429,171,157,-14,1914
3431,171,157,-14,1912
3433,171,157,-14,1910
3435,171,157,-14,1908
3437,171,157,-14,1906
3439,171,154,-17,1869
3441,171,154,-17,1866
3443,171,154,-17,1863
3445,171,154,-17,1861
3447,161,154,-7,2014
3449,161,154,-7,2013
3451,161,154,-7,2012
3453,161,154,-7,2011
3455,161,154,-7,2010
3457,158,154,-4,2059
3459,158,153,-5,2030
3461,158,153,-5,2029
3463,158,153,-5,2028
3465,158,153,-5,2028
3467,167,153,-14,1887
3469,167,153,-14,1885
3471,167,153,-14,1883
3473,167,153,-14,1881
3475,167,153,-14,1878
3477,160,153,-7,1987
3479,160,151,-9,1963
3481,160,151,-9,1962
3483,160,151,-9,1960
3485,160,151,-9,1959
3487,158,151,-7,1994
3489,158,151,-7,1993
3491,158,151,-7,1991
3493,158,151,-7,1990
3495,158,151,-7,1989
3497,157,151,-6,2000
3499,157,150,-7,1983
3501,157,150,-7,1982
3503,157,150,-7,1981
3505,157,150,-7,1980
3507,147,150,3,2139
3509,147,150,3,2139
3511,147,150,3,2140
3513,147,150,3,2140
3515,147,150,3,2141
3517,154,150,-4,2037
3519,154,150,-4,2027
3521,154,150,-4,2026
3523,154,150,-4,2026
3525,154,150,-4,2025
3527,156,150,-6,1991
3529,156,150,-6,1990
3531,156,150,-6,1989
3533,156,150,-6,1988
3535,156,150,-6,1987
3537,147,150,3,2131
3539,147,150,3,2128
3541,147,150,3,2128
3543,147,150,3,2129
3545,147,150,3,2129
3547,153,150,-3,2021
3549,153,150,-3,2020
3551,153,150,-3,2020
3553,153,150,-3,2019
3555,153,150,-3,2019
3557,156,150,-6,1983
3559,156,150,-6,1985
3561,156,150,-6,1984
3563,156,150,-6,1983
3565,156,150,-6,1982
3567,147,150,3,2125
3569,147,150,3,2126
3571,147,150,3,2126
3573,147,150,3,2127
3575,147,150,3,2127
3577,144,150,6,2175
3579,144,150,6,2185
3581,144,150,6,2186
3583,144,150,6,2187
3585,144,150,6,2188
3587,143,150,7,2204
3589,143,150,7,2206
3591,143,150,7,2207
3593,143,150,7,2208
3595,143,150,7,2209
3597,152,150,-2,2059
3599,152,151,-1,2075
3601,152,151,-1,2075
3603,152,151,-1,2075
3605,152,151,-1,2074
3607,155,151,-4,2025
3609,155,151,-4,2025
3611,155,151,-4,2024
3613,155,151,-4,2023
3615,155,151,-4,2023
3617,147,151,4,2162
3619,147,153,6,2185
3621,147,153,6,2186
3623,147,153,6,2187
3625,147,153,6,2188
3627,144,153,9,2234
3629,144,153,9,2236
3631,144,153,9,2237
3633,144,153,9,2238
3635,144,153,9,2240
3637,152,153,1,2100
3639,152,154,2,2128
3641,152,154,2,2129
3643,152,154,2,2129
3645,152,154,2,2129
3647,155,154,-1,2084
3649,155,154,-1,2084
3651,155,154,-1,2084
3653,155,154,-1,2083
3655,155,154,-1,2083
3657,147,154,7,2224
3659,147,156,9,2260
3661,147,156,9,2261
3663,147,156,9,2263
3665,147,156,9,2264
3667,144,156,12,2312
3669,144,156,12,2314
3671,144,156,12,2316
3673,144,156,12,2318
3675,144,156,12,2320
3677,143,156,13,2337
3679,143,159,16,2379
3681,143,159,16,2382
3683,143,159,16,2384
3685,143,159,16,2387
3687,152,159,7,2238
3689,152,159,7,2240
3691,152,159,7,2241
3693,152,159,7,2242
3695,152,159,7,2243
3697,155,159,4,2195
3699,155,162,7,2241
3701,155,162,7,2243
3703,155,162,7,2244
3705,155,162,7,2245
3707,147,162,15,2386
3709,147,162,15,2388
3711,147,162,15,2390
3713,147,162,15,2393
3715,147,162,15,2395
3717,153,162,9,2287
3719,153,165,12,2340
3721,153,165,12,2342
3723,153,165,12,2344
3725,153,165,12,2346
3727,156,165,9,2312
3729,156,165,9,2313
3731,156,165,9,2315
3733,156,165,9,2316
3735,156,165,9,2318
3737,156,165,9,2308
3739,156,169,13,2366
3741,156,169,13,2368
3743,156,169,13,2370
3745,156,169,13,2372
3747,157,169,12,2370
3749,157,169,12,2372
3751,157,169,12,2374
3753,157,169,12,2376
3755,157,169,12,2378
3757,157,169,12,2379
3759,157,172,15,2443
3761,157,172,15,2445
3763,157,172,15,2448
3765,157,172,15,2450
3767,157,172,15,2452
3769,157,172,15,2455
3771,157,172,15,2457
3773,157,172,15,2460
3775,157,172,15,2462
3777,157,172,15,2465
3779,157,176,19,2534
3781,157,176,19,2537
3783,157,176,19,2541
3785,157,176,19,2544
3787,166,176,10,2391
3789,166,176,10,2393
3791,166,176,10,2394
3793,166,176,10,2396
3795,166,176,10,2398
3797,169,176,7,2349
3799,169,181,12,2421
3801,169,181,12,2423
3803,169,181,12,2425
3805,169,181,12,2427
3807,161,181,20,2568
3809,161,181,20,2571
3811,161,181,20,2575
3813,161,181,20,2578
3815,161,181,20,2581
3817,158,181,23,2630
3819,158,186,28,2709
3821,158,186,28,2714
3823,158,186,28,2718
3825,158,186,28,2723
3827,167,186,19,2586
3829,167,186,19,2589
3831,167,186,19,2592
3833,167,186,19,2595
3835,167,186,19,2598
3837,170,186,16,2555
3839,170,191,21,2638
3841,170,191,21,2641
3843,170,191,21,2645
3845,170,191,21,2648
3847,180,191,11,2481
3849,180,191,11,2482
3851,180,191,11,2484
3853,180,191,11,2486
3855,180,191,11,2487
3857,184,191,7,2434
3859,184,196,12,2519
3861,184,196,12,2521
3863,184,196,12,2523
3865,184,196,12,2525
3867,175,196,21,2664
3869,175,196,21,2668
3871,175,196,21,2671
3873,175,196,21,2674
3875,175,196,21,2678
3877,172,196,24,2726
3879,172,201,29,2817
3881,172,201,29,2821
3883,172,201,29,2826
3885,172,201,29,2831
3887,181,201,20,2694
3889,181,201,20,2697
3891,181,201,20,2701
3893,181,201,20,2704
3895,181,201,20,2707
3897,184,201,17,2664
3899,184,207,23,2757
3901,184,207,23,2761
3903,184,207,23,2765
3905,184,207,23,2768
3907,185,207,22,2757
3909,185,207,22,2761
3911,185,207,22,2764
3913,185,207,22,2768
3915,185,207,22,2771
3917,195,207,12,2614
3919,195,213,18,2709
3921,195,213,18,2712
3923,195,213,18,2715
3925,195,213,18,2718
3927,198,213,15,2668
3929,198,213,15,2671
3931,198,213,15,2673
3933,198,213,15,2676
3935,198,213,15,2678
3937,189,213,24,2819
3939,189,218,29,2918
3941,189,218,29,2923
3943,189,218,29,2928
3945,189,218,29,2932
3947,187,218,31,2982
3949,187,218,31,2987
3951,187,218,31,2992
3953,187,218,31,2997
3955,187,218,31,3002
3957,195,218,23,2866
3959,195,224,29,2968
3961,195,224,29,2972
3963,195,224,29,2977
3965,195,224,29,2982
3967,208,224,16,2785
3969,208,224,16,2787
3971,208,224,16,2790
3973,208,224,16,2793
3975,208,224,16,2795
3977,212,224,12,2732
3979,212,231,19,2833
3981,212,231,19,2836
3983,212,231,19,2839
3985,212,231,19,2842
3987,203,231,28,2980
3989,203,231,28,2984
3991,203,231,28,2989
3993,203,231,28,2993
3995,203,231,28,2997
3997,210,231,21,2890
3999,210,237,27,2993
4001,210,237,27,2997
4003,210,237,27,3002
4005,210,237,27,3006
4007,213,237,24,2974
4009,213,237,24,2977
4011,213,237,24,2981
4013,213,237,24,2985
4015,213,237,24,2989
4017,213,237,24,2981
4019,213,243,30,3086
4021,213,243,30,3091
4023,213,243,30,3095
4025,213,243,30,3100
4027,223,243,20,2945
4029,223,243,20,2948
4031,223,243,20,2951
4033,223,243,20,2955
4035,223,243,20,2958
4037,226,243,17,2909
4039,226,249,23,3013
4041,226,249,23,3017
4043,226,249,23,3021
4045,226,249,23,3024
4047,218,249,31,3167
4049,218,249,31,3172
4051,218,249,31,3177
4053,218,249,31,3182
4055,218,249,31,3187
4057,215,249,34,3237
4059,215,256,41,3344
4061,215,256,41,3351
4063,215,256,41,3357
4065,215,256,41,3364
4067,224,256,32,3229
4069,224,256,32,3234
4071,224,256,32,3239
4073,224,256,32,3244
4075,224,256,32,3249
4077,227,256,29,3208
4079,227,262,35,3314
4081,227,262,35,3320
4083,227,262,35,3325
4085,227,262,35,3331
4087,237,262,25,3166
4089,237,262,25,3170
4091,237,262,25,3174
4093,237,262,25,3178
4095,237,262,25,3182
4097,241,262,21,3130
4099,241,268,27,3234
4101,241,268,27,3238
4103,241,268,27,3243
4105,241,268,27,3247
4107,242,268,26,3233
4109,242,268,26,3238
4111,242,268,26,3242
4113,242,268,26,3246
4115,242,268,26,3250
4117,252,268,16,3093
4119,252,274,22,3194
4121,252,274,22,3198
4123,252,274,22,3202
4125,252,274,22,3205
4127,255,274,19,3156
4129,255,274,19,3159
4131,255,274,19,3162
4133,255,274,19,3166
4135,255,274,19,3169
4137,256,274,18,3155
4139,256,280,24,3255
4141,256,280,24,3259
4143,256,280,24,3263
4145,256,280,24,3267
4147,256,280,24,3265
4149,256,280,24,3269
4151,256,280,24,3273
4153,256,280,24,3276
4155,256,280,24,3280
4157,257,280,23,3282
4159,257,286,29,3382
4161,257,286,29,3386
4163,257,286,29,3391
4165,257,286,29,3396
4167,257,286,29,3400
4169,257,286,29,3405
4171,257,286,29,3409
4173,257,286,29,3414
4175,257,286,29,3419
4177,257,286,29,3423
4179,257,292,35,3521
4181,257,292,35,3527
4183,257,292,35,3533
4185,257,292,35,3538
4187,266,292,26,3388
4189,266,292,26,3392
4191,266,292,26,3396
4193,266,292,26,3400
4195,266,292,26,3405
4197,279,292,13,3202
4199,279,298,19,3295
4201,279,298,19,3298
4203,279,298,19,3301
4205,279,298,19,3304
4207,274,298,24,3395
4209,274,298,24,3399
4211,274,298,24,3403
4213,274,298,24,3407
4215,274,298,24,3411
4217,272,298,26,3443
4219,272,303,31,3535
4221,272,303,31,3540
4223,272,303,31,3545
4225,272,303,31,3550
4227,281,303,22,3409
4229,281,303,22,3412
4231,281,303,22,3416
4233,281,303,22,3419
4235,281,303,22,3423
4237,284,303,19,3379
4239,284,308,24,3466
4241,284,308,24,3470
4243,284,308,24,3474
4245,284,308,24,3477
4247,285,308,23,3466
4249,285,308,23,3470
4251,285,308,23,3473
4253,285,308,23,3477
4255,285,308,23,3481
4257,285,308,23,3480
4259,285,313,28,3564
4261,285,313,28,3568
4263,285,313,28,3573
4265,285,313,28,3577
4267,295,313,18,3424
4269,295,313,18,3427
4271,295,313,18,3430
4273,295,313,18,3433
4275,295,313,18,3436
4277,298,313,15,3388
4279,298,318,20,3466
4281,298,318,20,3470
4283,298,318,20,3473
4285,298,318,20,3476
4287,289,318,29,3618
4289,289,318,29,3623
4291,289,318,29,3627
4293,289,318,29,3632
4295,289,318,29,3637
4297,296,318,22,3531
4299,296,322,26,3606
4301,296,322,26,3610
4303,296,322,26,3614
4305,296,322,26,3618
4307,298,322,24,3587
4309,298,322,24,3591
4311,298,322,24,3594
4313,298,322,24,3598
4315,298,322,24,3602
4317,299,322,23,3594
4319,299,326,27,3665
4321,299,326,27,3670
4323,299,326,27,3674
4325,299,326,27,3678
4327,309,326,17,3523
4329,309,326,17,3526
4331,309,326,17,3529
4333,309,326,17,3531
4335,309,326,17,3534
4337,312,326,14,3485
4339,312,330,18,3550
4341,312,330,18,3553
4343,312,330,18,3556
4345,312,330,18,3558
4347,313,330,17,3544
4349,313,330,17,3547
4351,313,330,17,3550
4353,313,330,17,3553
4355,313,330,17,3555
4357,314,330,16,3553
4359,314,334,20,3613
4361,314,334,20,3616
4363,314,334,20,3619
4365,314,334,20,3622
4367,314,334,20,3624
4369,314,334,20,3627
4371,314,334,20,3630
4373,314,334,20,3633
4375,314,334,20,3637
4377,314,334,20,3639
4379,314,337,23,3694
4381,314,337,23,3698
4383,314,337,23,3702
4385,314,337,23,3706
4387,314,337,23,3709
4389,314,337,23,3713
4391,314,337,23,3717
4393,314,337,23,3720
4395,314,337,23,3724
4397,323,337,14,3572
4399,323,340,17,3620
4401,323,340,17,3623
4403,323,340,17,3626
4405,323,340,17,3628
4407,327,340,13,3580
4409,327,340,13,3582
4411,327,340,13,3584
4413,327,340,13,3587
4415,327,340,13,3589
4417,328,340,12,3574
4419,328,342,14,3617
4421,328,342,14,3619
4423,328,342,14,3622
4425,328,342,14,3624
4427,328,342,14,3621
4429,328,342,14,3623
4431,328,342,14,3626
4433,328,342,14,3628
4435,328,342,14,3630
4437,328,342,14,3631
4439,328,345,17,3668
4441,328,345,17,3670
4443,328,345,17,3673
4445,328,345,17,3676
4447,328,345,17,3678
4449,328,345,17,3681
4451,328,345,17,3683
4453,328,345,17,3686
4455,328,345,17,3688
4457,328,345,17,3691
4459,328,346,18,3722
4461,328,346,18,3725
4463,328,346,18,3728
4465,328,346,18,3731
4467,338,346,8,3578
4469,338,346,8,3579
4471,338,346,8,3581
4473,338,346,8,3582
4475,338,346,8,3583
4477,331,346,15,3690
4479,331,348,17,3715
4481,331,348,17,3717
4483,331,348,17,3720
4485,331,348,17,3723
4487,329,348,19,3759
4489,329,348,19,3762
4491,329,348,19,3765
4493,329,348,19,3768
4495,329,348,19,3771
4497,338,348,10,3630
4499,338,349,11,3647
4501,338,349,11,3649
4503,338,349,11,3651
4505,338,349,11,3652
4507,341,349,8,3607
4509,341,349,8,3608
4511,341,349,8,3610
4513,341,349,8,3611
4515,341,349,8,3612
4517,342,349,7,3598
4519,342,349,7,3609
4521,342,349,7,3610
4523,342,349,7,3611
4525,342,349,7,3612
4527,342,349,7,3609
4529,342,349,7,3610
4531,342,349,7,3611
4533,342,349,7,3612
4535,342,349,7,3613
4537,342,349,7,3613
4539,342,349,7,3617
4541,342,349,7,3618
4543,342,349,7,3620
4545,342,349,7,3621
4547,342,349,7,3621
4549,342,349,7,3622
4551,342,349,7,3624
4553,342,349,7,3625
4555,342,349,7,3626
4557,342,349,7,3627
4559,342,349,7,3625
4561,342,349,7,3626
4563,342,349,7,3627
4565,342,349,7,3628
4567,352,349,-3,3474
4569,352,349,-3,3473
4571,352,349,-3,3473
4573,352,349,-3,3472
4575,352,349,-3,3472
4577,355,349,-6,3421
4579,355,349,-6,3411
4581,355,349,-6,3410
4583,355,349,-6,3409
4585,355,349,-6,3408
4587,346,349,3,3546
4589,346,349,3,3546
4591,346,349,3,3547
4593,346,349,3,3547
4595,346,349,3,3547
4597,344,349,5,3593
4599,344,348,4,3578
4601,344,348,4,3579
4603,344,348,4,3579
4605,344,348,4,3580
4607,343,348,5,3595
4609,343,348,5,3596
4611,343,348,5,3597
4613,343,348,5,3598
4615,343,348,5,3599
4617,342,348,6,3604
4619,342,346,4,3583
4621,342,346,4,3584
4623,342,346,4,3584
4625,342,346,4,3585
4627,342,346,4,3587
4629,342,346,4,3588
4631,342,346,4,3588
4633,342,346,4,3589
4635,342,346,4,3590
4637,342,346,4,3591
4639,342,345,3,3563
4641,342,345,3,3564
4643,342,345,3,3564
4645,342,345,3,3564
4647,352,345,-7,3409
4649,352,345,-7,3408
4651,352,345,-7,3407
4653,352,345,-7,3406
4655,352,345,-7,3404
4657,355,345,-10,3353
4659,355,343,-12,3317
4661,355,343,-12,3315
4663,355,343,-12,3313
4665,355,343,-12,3311
4667,346,343,-3,3448
4669,346,343,-3,3448
4671,346,343,-3,3447
4673,346,343,-3,3446
4675,346,343,-3,3446
4677,344,343,-1,3490
4679,344,340,-4,3450
4681,344,340,-4,3449
4683,344,340,-4,3449
4685,344,340,-4,3448
4687,343,340,-3,3462
4689,343,340,-3,3462
4691,343,340,-3,3462
4693,343,340,-3,3461
4695,343,340,-3,3461
4697,342,340,-2,3465
4699,342,337,-5,3419
4701,342,337,-5,3418
4703,342,337,-5,3417
4705,342,337,-5,3416
4707,342,337,-5,3417
4709,342,337,-5,3416
4711,342,337,-5,3415
4713,342,337,-5,3414
4715,342,337,-5,3414
4717,352,337,-15,3257
4719,352,334,-18,3204
4721,352,334,-18,3201
4723,352,334,-18,3198
4725,352,334,-18,3195
4727,355,334,-21,3142
4729,355,334,-21,3138
4731,355,334,-21,3135
4733,355,334,-21,3131
4735,355,334,-21,3128
4737,346,334,-12,3264
4739,346,330,-16,3205
4741,346,330,-16,3203
4743,346,330,-16,3200
4745,346,330,-16,3198
4747,344,330,-14,3240
4749,344,330,-14,3238
4751,344,330,-14,3236
4753,344,330,-14,3234
4755,344,330,-14,3232
4757,343,330,-13,3245
4759,343,327,-16,3180
4761,343,327,-16,3178
4763,343,327,-16,3175
4765,343,327,-16,3173
4767,333,327,-6,3331
4769,333,327,-6,3330
4771,333,327,-6,3329
4773,333,327,-6,3328
4775,333,327,-6,3327
4777,330,327,-3,3378
4779,330,323,-7,3311
4781,330,323,-7,3309
4783,330,323,-7,3308
4785,330,323,-7,3307
4787,338,323,-15,3167
4789,338,323,-15,3165
4791,338,323,-15,3162
4793,338,323,-15,3160
4795,338,323,-15,3157
4797,341,323,-18,3109
4799,341,318,-23,3035
4801,341,318,-23,3031
4803,341,318,-23,3028
4805,341,318,-23,3024
4807,342,318,-24,3006
4809,342,318,-24,3002
4811,342,318,-24,2998
4813,342,318,-24,2994
4815,342,318,-24,2990
4817,333,318,-15,3138
4819,333,313,-20,3059
4821,333,313,-20,3056
4823,333,313,-20,3053
4825,333,313,-20,3050
4827,329,313,-16,3096
4829,329,313,-16,3093
4831,329,313,-16,3091
4833,329,313,-16,3088
4835,329,313,-16,3086
4837,328,313,-15,3099
4839,328,308,-20,3017
4841,328,308,-20,3013
4843,328,308,-20,3010
4845,328,308,-20,3007
4847,328,308,-20,3009
4849,328,308,-20,3006
4851,328,308,-20,3003
4853,328,308,-20,2999
4855,328,308,-20,2996
4857,328,308,-20,2995
4859,328,303,-25,2908
4861,328,303,-25,2904
4863,328,303,-25,2900
4865,328,303,-25,2896
4867,328,303,-25,2892
4869,328,303,-25,2888
4871,328,303,-25,2884
4873,328,303,-25,2880
4875,328,303,-25,2876
4877,328,303,-25,2873
4879,328,298,-30,2781
4881,328,298,-30,2777
4883,328,298,-30,2772
4885,328,298,-30,2767
4887,318,298,-20,2918
4889,318,298,-20,2915
4891,318,298,-20,2911
4893,318,298,-20,2908
4895,318,298,-20,2905
4897,315,298,-17,2952
4899,315,292,-23,2859
4901,315,292,-23,2855
4903,315,292,-23,2852
4905,315,292,-23,2848
4907,314,292,-22,2861
4909,314,292,-22,2857
4911,314,292,-22,2854
4913,314,292,-22,2850
4915,314,292,-22,2847
4917,314,292,-22,2848
4919,314,286,-28,2752
4921,314,286,-28,2747
4923,314,286,-28,2743
4925,314,286,-28,2739
4927,314,286,-28,2736
4929,314,286,-28,2732
4931,314,286,-28,2727
4933,314,286,-28,2723
4935,314,286,-28,2718
4937,314,286,-28,2715
4939,314,281,-33,2615
4941,314,281,-33,2610
4943,314,281,-33,2604
4945,314,281,-33,2599
4947,314,281,-33,2594
4949,314,281,-33,2588
4951,314,281,-33,2583
4953,314,281,-33,2578
4955,314,281,-33,2573
4957,304,281,-23,2723
4959,304,275,-29,2622
4961,304,275,-29,2617
4963,304,275,-29,2612
4965,304,275,-29,2608
4967,301,275,-26,2654
4969,301,275,-26,2649
4971,301,275,-26,2645
4973,301,275,-26,2641
4975,301,275,-26,2637
4977,300,275,-25,2649
4979,300,268,-32,2546
4981,300,268,-32,2541
4983,300,268,-32,2536
4985,300,268,-32,2531
4987,300,268,-32,2531
4989,300,268,-32,2526
4991,300,268,-32,2521
4993,300,268,-32,2516
4995,300,268,-32,2511
4997,300,268,-32,2508
4999,300,262,-38,2402
5001,300,262,-38,2396
5003,300,262,-38,2391
5005,300,262,-38,2385
5007,290,262,-28,2535
5009,290,262,-28,2531
5011,290,262,-28,2526
5013,290,262,-28,2522
5015,290,262,-28,2517
5017,287,262,-25,2564
5019,287,256,-31,2459
5021,287,256,-31,2454
5023,287,256,-31,2449
5025,287,256,-31,2444
5027,286,256,-30,2456
5029,286,256,-30,2451
5031,286,256,-30,2446
5033,286,256,-30,2441
5035,286,256,-30,2436
5037,285,256,-29,2437
5039,285,250,-35,2331
5041,285,250,-35,2325
5043,285,250,-35,2320
5045,285,250,-35,2314
5047,276,250,-26,2466
5049,276,250,-26,2462
5051,276,250,-26,2457
5053,276,250,-26,2453
5055,276,250,-26,2449
5057,272,250,-22,2496
5059,272,243,-29,2391
5061,272,243,-29,2386
5063,272,243,-29,2382
5065,272,243,-29,2377
5067,271,243,-28,2389
5069,271,243,-28,2385
5071,271,243,-28,2380
5073,271,243,-28,2376
5075,271,243,-28,2371
5077,271,243,-28,2372
5079,271,237,-34,2267
5081,271,237,-34,2261
5083,271,237,-34,2256
5085,271,237,-34,2250
5087,271,237,-34,2247
5089,271,237,-34,2241
5091,271,237,-34,2236
5093,271,237,-34,2230
5095,271,237,-34,2225
5097,261,237,-24,2376
5099,261,231,-30,2272
5101,261,231,-30,2267
5103,261,231,-30,2262
5105,261,231,-30,2257
5107,258,231,-27,2303
5109,258,231,-27,2299
5111,258,231,-27,2294
5113,258,231,-27,2290
5115,258,231,-27,2286
5117,257,231,-26,2298
5119,257,225,-32,2195
5121,257,225,-32,2189
5123,257,225,-32,2184
5125,257,225,-32,2179
5127,257,225,-32,2179
5129,257,225,-32,2174
5131,257,225,-32,2169
5133,257,225,-32,2164
5135,257,225,-32,2159
5137,247,225,-22,2311
5139,247,219,-28,2210
5141,247,219,-28,2206
5143,247,219,-28,2201
5145,247,219,-28,2197
5147,244,219,-25,2243
5149,244,219,-25,2239
5151,244,219,-25,2235
5153,244,219,-25,2231
5155,244,219,-25,2227
5157,243,219,-24,2240
5159,243,213,-30,2140
5161,243,213,-30,2136
5163,243,213,-30,2131
5165,243,213,-30,2126
5167,242,213,-29,2127
5169,242,213,-29,2122
5171,242,213,-29,2117
5173,242,213,-29,2112
5175,242,213,-29,2108
5177,242,213,-29,2105
5179,242,207,-35,2007
5181,242,207,-35,2001
5183,242,207,-35,1995
5185,242,207,-35,1990
5187,233,207,-26,2140
5189,233,207,-26,2136
5191,233,207,-26,2132
5193,233,207,-26,2128
5195,233,207,-26,2124
5197,230,207,-23,2171
5199,230,201,-29,2077
5201,230,201,-29,2072
5203,230,201,-29,2068
5205,230,201,-29,2063
5207,229,201,-28,2075
5209,229,201,-28,2071
5211,229,201,-28,2067
5213,229,201,-28,2062
5215,229,201,-28,2058
5217,228,201,-27,2059
5219,228,196,-32,1967
5221,228,196,-32,1962
5223,228,196,-32,1957
5225,228,196,-32,1952
5227,228,196,-32,1948
5229,228,196,-32,1943
5231,228,196,-32,1938
5233,228,196,-32,1933
5235,228,196,-32,1928
5237,218,196,-22,2079
5239,218,191,-27,1991
5241,218,191,-27,1987
5243,218,191,-27,1983
5245,218,191,-27,1978
5247,215,191,-24,2025
5249,215,191,-24,2021
5251,215,191,-24,2017
5253,215,191,-24,2013
5255,215,191,-24,2009
5257,214,191,-23,2022
5259,214,186,-28,1938
5261,214,186,-28,1933
5263,214,186,-28,1928
5265,214,186,-28,1924
5267,204,186,-18,2081
5269,204,186,-18,2078
5271,204,186,-18,2075
5273,204,186,-18,2072
5275,204,186,-18,2069
5277,201,186,-15,2118
5279,201,181,-20,2040
5281,201,181,-20,2036
5283,201,181,-20,2033
5285,201,181,-20,2030
5287,200,181,-19,2044
5289,200,181,-19,2041
5291,200,181,-19,2038
5293,200,181,-19,2035
5295,200,181,-19,2032
5297,200,181,-19,2034
5299,200,177,-23,1959
5301,200,177,-23,1956
5303,200,177,-23,1952
5305,200,177,-23,1948
5307,200,177,-23,1947
5309,200,177,-23,1943
5311,200,177,-23,1939
5313,200,177,-23,1936
5315,200,177,-23,1932
5317,199,177,-22,1929
5319,199,173,-26,1858
5321,199,173,-26,1854
5323,199,173,-26,1849
5325,199,173,-26,1845
5327,199,173,-26,1841
5329,199,173,-26,1837
5331,199,173,-26,1832
5333,199,173,-26,1828
5335,199,173,-26,1824
5337,190,173,-17,1975
5339,190,169,-21,1910
5341,190,169,-21,1907
5343,190,169,-21,1903
5345,190,169,-21,1900
5347,187,169,-18,1947
5349,187,169,-18,1944
5351,187,169,-18,1942
5353,187,169,-18,1939
5355,187,169,-18,1936
5357,186,169,-17,1949
5359,186,165,-21,1889
5361,186,165,-21,1886
5363,186,165,-21,1883
5365,186,165,-21,1880
5367,176,165,-11,2038
5369,176,165,-11,2036
5371,176,165,-11,2034
5373,176,165,-11,2032
5375,176,165,-11,2031
5377,182,165,-17,1926
5379,182,162,-20,1871
5381,182,162,-20,1868
5383,182,162,-20,1865
5385,182,162,-20,1861
5387,184,162,-22,1825
5389,184,162,-22,1821
5391,184,162,-22,1817
5393,184,162,-22,1814
5395,184,162,-22,1810
5397,175,162,-13,1952
5399,175,159,-16,1903
5401,175,159,-16,1901
5403,175,159,-16,1898
5405,175,159,-16,1896
5407,172,159,-13,1940
5409,172,159,-13,1938
5411,172,159,-13,1936
5413,172,159,-13,1934
5415,172,159,-13,1932
5417,171,159,-12,1945
5419,171,157,-14,1902
5421,171,157,-14,1900
5423,171,157,-14,1898
5425,171,157,-14,1895
5427,161,157,-4,2054
5429,161,157,-4,2053
5431,161,157,-4,2052
5433,161,157,-4,2051
5435,161,157,-4,2051
5437,158,157,-1,2102
5439,158,154,-4,2067
5441,158,154,-4,2067
5443,158,154,-4,2066
5445,158,154,-4,2066
5447,167,154,-13,1926
5449,167,154,-13,1924
5451,167,154,-13,1922
5453,167,154,-13,1920
5455,167,154,-13,1918
5457,160,154,-6,2027
5459,160,153,-7,1998
5461,160,153,-7,1996
5463,160,153,-7,1995
5465,160,153,-7,1994
5467,158,153,-5,2029
5469,158,153,-5,2028
5471,158,153,-5,2027
5473,158,153,-5,2027
5475,158,153,-5,2026
5477,167,153,-14,1881
5479,167,151,-16,1856
5481,167,151,-16,1854
5483,167,151,-16,1851
5485,167,151,-16,1849
5487,160,151,-9,1955
5489,160,151,-9,1954
5491,160,151,-9,1953
5493,160,151,-9,1951
5495,160,151,-9,1950
5497,148,151,3,2140
5499,148,150,2,2124
5501,148,150,2,2125
5503,148,150,2,2125
5505,148,150,2,2125
5507,154,150,-4,2032
5509,154,150,-4,2032
5511,154,150,-4,2031
5513,154,150,-4,2030
5515,154,150,-4,2030
5517,156,150,-6,1999
5519,156,150,-6,1988
5521,156,150,-6,1987
5523,156,150,-6,1986
5525,156,150,-6,1985
5527,156,150,-6,1975
5529,156,150,-6,1973
5531,156,150,-6,1972
5533,156,150,-6,1971
5535,156,150,-6,1970
5537,157,150,-7,1966
5539,157,150,-7,1962
5541,157,150,-7,1960
5543,157,150,-7,1959
5545,157,150,-7,1958
5547,147,150,3,2112
5549,147,150,3,2112
5551,147,150,3,2113
5553,147,150,3,2113
5555,147,150,3,2113
5557,144,150,6,2164
5559,144,150,6,2168
5561,144,150,6,2169
5563,144,150,6,2170
5565,144,150,6,2171
5567,152,150,-2,2032
5569,152,150,-2,2032
5571,152,150,-2,2031
5573,152,150,-2,2031
5575,152,150,-2,2031
5577,155,150,-5,1985
5579,155,150,-5,1993
5581,155,150,-5,1993
5583,155,150,-5,1992
5585,155,150,-5,1991
5587,147,150,3,2131
5589,147,150,3,2132
5591,147,150,3,2132
5593,147,150,3,2133
5595,147,150,3,2134
5597,144,150,6,2180
5599,144,151,7,2197
5601,144,151,7,2198
5603,144,151,7,2199
5605,144,151,7,2200
5607,143,151,8,2217
5609,143,151,8,2218
5611,143,151,8,2219
5613,143,151,8,2221
5615,143,151,8,2222
5617,142,151,9,2228
5619,142,153,11,2252
5621,142,153,11,2253
5623,142,153,11,2255
5625,142,153,11,2256
5627,142,153,11,2260
5629,142,153,11,2261
5631,142,153,11,2263
5633,142,153,11,2265
5635,142,153,11,2266
5637,142,153,11,2268
5639,142,154,12,2298
5641,142,154,12,2300
5643,142,154,12,2302
5645,142,154,12,2304
5647,142,154,12,2306
5649,142,154,12,2308
5651,142,154,12,2310
5653,142,154,12,2312
5655,142,154,12,2314
5657,152,154,2,2160
5659,152,156,4,2194
5661,152,156,4,2195
5663,152,156,4,2196
5665,152,156,4,2197
5667,155,156,1,2147
5669,155,156,1,2147
5671,155,156,1,2147
5673,155,156,1,2147
5675,155,156,1,2148
5677,146,156,10,2287
5679,146,159,13,2329
5681,146,159,13,2331
5683,146,159,13,2333
5685,146,159,13,2335
5687,153,159,6,2226
5689,153,159,6,2227
5691,153,159,6,2228
5693,153,159,6,2229
5695,153,159,6,2230
5697,156,159,3,2195
5699,156,162,6,2241
5701,156,162,6,2242
5703,156,162,6,2243
5705,156,162,6,2244
5707,147,162,15,2390
5709,147,162,15,2392
5711,147,162,15,2394
5713,147,162,15,2397
5715,147,162,15,2399
5717,153,162,9,2293
5719,153,165,12,2346
5721,153,165,12,2347
5723,153,165,12,2349
5725,153,165,12,2351
5727,156,165,9,2318
5729,156,165,9,2319
5731,156,165,9,2321
5733,156,165,9,2322
5735,156,165,9,2324
5737,156,165,9,2314
5739,156,169,13,2372
5741,156,169,13,2374
5743,156,169,13,2376
5745,156,169,13,2378
5747,157,169,12,2376
5749,157,169,12,2378
5751,157,169,12,2380
5753,157,169,12,2382
5755,157,169,12,2384
5757,157,169,12,2384
5759,157,172,15,2448
5761,157,172,15,2451
5763,157,172,15,2454
5765,157,172,15,2456
5767,166,172,6,2302
5769,166,172,6,2303
5771,166,172,6,2304
5773,166,172,6,2305
5775,166,172,6,2306
5777,160,172,12,2412
5779,160,176,16,2481
5781,160,176,16,2484
5783,160,176,16,2487
5785,160,176,16,2489
5787,158,176,18,2526
5789,158,176,18,2529
5791,158,176,18,2532
5793,158,176,18,2535
5795,158,176,18,2538
5797,167,176,9,2397
5799,167,181,14,2470
5801,167,181,14,2472
5803,167,181,14,2474
5805,167,181,14,2477
5807,170,181,11,2432
5809,170,181,11,2434
5811,170,181,11,2436
5813,170,181,11,2437
5815,170,181,11,2439
5817,170,181,11,2426
5819,170,186,16,2504
5821,170,186,16,2506
5823,170,186,16,2508
5825,170,186,16,2511
5827,161,186,25,2664
5829,161,186,25,2668
5831,161,186,25,2672
5833,161,186,25,2676
5835,161,186,25,2680
5837,158,186,28,2733
5839,158,191,33,2817
5841,158,191,33,2823
5843,158,191,33,2828
5845,158,191,33,2833
5847,176,191,15,2542
5849,176,191,15,2545
5851,176,191,15,2547
5853,176,191,15,2549
5855,176,191,15,2552
5857,182,191,9,2458
5859,182,196,14,2543
5861,182,196,14,2545
5863,182,196,14,2547
5865,182,196,14,2549
5867,175,196,21,2676
5869,175,196,21,2680
5871,175,196,21,2683
5873,175,196,21,2686
5875,175,196,21,2690
5877,172,196,24,2734
5879,172,201,29,2825
5881,172,201,29,2829
5883,172,201,29,2834
5885,172,201,29,2839
5887,181,201,20,2701
5889,181,201,20,2704
5891,181,201,20,2707
5893,181,201,20,2710
5895,181,201,20,2714
5897,184,201,17,2670
5899,184,207,23,2764
5901,184,207,23,2767
5903,184,207,23,2771
5905,184,207,23,2775
5907,185,207,22,2763
